{"cameraMode":{"drawMode":0,"name":"Shaded","section":"Shading Mode"},"sceneLighting":true,"audioPlay":false,"sceneViewState":{"m_AlwaysRefresh":false,"showFog":true,"showSkybox":true,"showFlares":true,"showImageEffects":true,"showParticleSystems":true,"showVisualEffectGraphs":true,"m_FxEnabled":true},"in2DMode":false,"pivot":{"x":267.74542236328127,"y":-175.0924530029297,"z":962.6835327148438},"rotation":{"x":0.23509275913238526,"y":-0.004382976796478033,"z":0.0010404554195702077,"w":0.9719901084899902},"size":1110.128662109375,"orthographic":false}